{
  "holidays": [
  {
    "Sr. No.": "1",
    "Holiday": "Republic Day",
    "Date": "26th January, 2026",
    "Day": "Monday"
  },
  {
    "Sr. No.": "2",
    "Holiday": "Chhatrapati Shivaji Maharaj Jayanti",
    "Date": "19th February, 2026",
    "Day": "Thursday"
  },
  {
    "Sr. No.": "3",
    "Holiday": "Holi (Second Day)",
    "Date": "03rd March, 2026",
    "Day": "Tuesday"
  },
  {
    "Sr. No.": "4",
    "Holiday": "Gudhi Padwa",
    "Date": "19th March, 2026",
    "Day": "Thursday"
  },
  {
    "Sr. No.": "5",
    "Holiday": "Ramzan-Id (Id-UI-Fitra) (Shawal-1)",
    "Date": "21th March, 2026",
    "Day": "Saturday"
  },
  {
    "Sr. No.": "6",
    "Holiday": "Ram Navami",
    "Date": "26th March, 2026",
    "Day": "Thursday"
  },
  {
    "Sr. No.": "7",
    "Holiday": "Mahavir Janmakalyanak",
    "Date": "31st March, 2026",
    "Day": "Tuesday"
  },
  {
    "Sr. No.": "8",
    "Holiday": "Good Friday",
    "Date": "03rd April, 2026",
    "Day": "Friday"
  },
  {
    "Sr. No.": "9",
    "Holiday": "Dr.Babasaheb Ambedkar Jayanti",
    "Date": "14th April, 2026",
    "Day": "Tuesday"
  },
  {
    "Sr. No.": "10",
    "Holiday": "Maharashtra Din",
    "Date": "01st May, 2026",
    "Day": "Friday"
  },
  {
    "Sr. No.": "11",
    "Holiday": "Buddha Pournima",
    "Date": "01st May, 2026",
    "Day": "Friday"
  },
  {
    "Sr. No.": "12",
    "Holiday": "Bakri ID (Id-Uz-Zuha)",
    "Date": "28th  May, 2026",
    "Day": "Thursday"
  },
  {
    "Sr. No.": "13",
    "Holiday": "Moharum",
    "Date": "26th June, 2026",
    "Day": "Friday"
  },
  {
    "Sr. No.": "14",
    "Holiday": "Independence Day",
    "Date": "15th August, 2026",
    "Day": "Saturday"
  },
  {
    "Sr. No.": "15",
    "Holiday": "Parsi New Year (Shahenshahi)",
    "Date": "15th August, 2026",
    "Day": "Saturday"
  },
  {
    "Sr. No.": "16",
    "Holiday": "Id-E-Milad",
    "Date": "26th  August, 2026",
    "Day": "Wednesday"
  },
  {
    "Sr. No.": "17",
    "Holiday": "Ganesh Chaturthi",
    "Date": "14th September, 2026",
    "Day": "Monday"
  },
  {
    "Sr. No.": "18",
    "Holiday": "Mahatma Gandhi Jayanti",
    "Date": "02nd October, 2026",
    "Day": "Friday"
  },
  {
    "Sr. No.": "19",
    "Holiday": "Dasara",
    "Date": "20th October, 2026",
    "Day": "Tuesday"
  },
  {
    "Sr. No.": "20",
    "Holiday": "Diwali (Bali Pratipada)",
    "Date": "10th November, 2026",
    "Day": "Tuesday"
  },
  {
    "Sr. No.": "21",
    "Holiday": "Guru Nanak Jayanti",
    "Date": "24th November, 2026",
    "Day": "Tuesday"
  },
  {
    "Sr. No.": "22",
    "Holiday": "Christmas",
    "Date": "25th December, 2026",
    "Day": "Friday"
  }
  ],

  "sundays": [
    {
      "Sr. No.": "1",
      "Holiday": "Mahashivratri",
      "Date": "15th  February, 2026",
      "Day": "Sunday"
    },
    {
      "Sr. No.": "2",
      "Holiday": "Diwali Amavasya(Laxmi Pujan)",
      "Date": "08th November, 2026",
      "Day": "Sunday"
    }    
  ]
}